Label,Boarding time,Boarding station,Alighting station,Arrival time
4000000214127774,521,17,19,520
4000140110011451,490,0,15,489
4000140110613765,523,18,19,520
4000000212021266,497,2,18,495
4000000212315247,489,0,15,468
4000140110596657,519,15,19,515
4000140112930122,500,4,19,495
4000000006681510,519,15,19,517
4000000220738184,491,0,15,489
4000000222188943,520,17,19,516
4000003931387644,519,15,19,516
4000000211846689,500,4,19,498
4000000221451186,521,17,19,520
4000001840308954,523,18,19,520
4000030111016859,493,1,19,492
4000000210223393,520,15,19,519
4000140129053561,523,18,19,520
4000000220115161,493,1,15,492
4000001522018311,490,0,19,489
4000000215355222,499,3,17,495
4000001840897652,493,1,19,492
4000000214148756,701,7,15,693
4000140112417546,693,1,3,689
4000140112069878,717,14,17,716
4000000221862408,721,17,19,718
4000003907813842,721,17,19,715
4000003905908381,696,3,19,691
4000140112497728,695,2,19,694
4000000223571979,695,2,19,694
4000140120095765,718,15,19,713
4000001855210027,696,3,6,691
4000003903568255,693,1,3,686
4000140112552745,695,2,19,694
4000140120276228,716,14,17,710
4000140110305755,695,2,17,694
4000003907497674,840,12,19,837
4000003906561040,824,4,13,823
4000003941712065,840,12,19,839
4000140110072082,819,1,3,818
4000003908387544,820,2,6,813
4000140127081971,826,5,16,825
4000001512398642,836,9,15,833
4000001830361443,842,13,19,841
4000003906167525,820,2,6,815
4000003912037061,824,4,19,823
4000003923403855,836,9,19,832
3104920033000165865,842,13,15,841
4000140120098041,841,13,15,832
4000140120114106,820,2,14,814
4000000215054115,842,13,19,841
4000140112608472,824,4,19,823
4000001512433290,822,3,19,821
4000003923403928,836,9,19,833
4000140112835186,838,10,19,837
4000003930143005,824,4,19,823
3104920031002002367,849,15,19,848
4000000213463669,849,15,19,848
4000000213952826,822,3,19,818
4000000221931328,852,17,19,851
4000000214022229,836,9,19,828
4000003944009059,820,2,6,814
4000000214148068,458,3,6,454
4000140110313847,455,2,15,454
4000140129004369,455,2,19,454
4000140127000695,473,9,19,470
4000000215669260,475,11,16,470
4000001512361381,458,3,19,455
4000001840918539,487,17,19,484
4000001850224370,478,13,19,477
4000001855252645,464,6,11,460
4000140110488416,461,4,6,460
4000000215170313,475,11,16,470
4000001840863732,484,15,19,478
4000003905931129,478,13,19,477
4000000211615927,492,18,19,491
4000000212620935,473,9,19,470
4000000217581565,492,18,19,489
4000030128000249,455,2,19,454
4000140129058240,475,11,15,472
4000000229007280,478,13,15,477
4000000214960133,462,5,19,457
4000001830234356,475,11,15,469
4000200112070705,458,3,19,455
4000000210622526,487,17,19,484
4000000212427193,463,5,8,462
4000000221821334,465,7,19,461
4000000222048767,867,14,17,865
3104920033000378054,959,7,8,958
4000001840730936,957,6,19,954
4000140110305201,947,0,19,944
4000140112552728,948,0,19,944
4000000214397300,950,1,19,949
4000001512612737,953,3,19,952
4000003920064562,979,15,19,972
4000003928147233,977,14,17,975
4000001855248392,981,16,18,980
4000000211764509,954,3,8,953
4000000216305465,443,1,19,442
4000140110681721,447,3,5,446
4000140122041906,447,3,19,446
4000140210042408,470,14,19,466
4000000217287104,450,5,19,443
4000000310053292,481,18,19,480
4000000310097351,466,13,19,465
4000001520145413,441,0,4,439
4000001855140669,476,17,19,472
4000003920824830,444,1,17,442
4000140127009951,443,1,15,442
4000000220602663,476,17,19,471
4000001840726165,447,3,19,446
4000003922095340,447,3,19,446
4000050110006390,443,1,19,442
4000140112976612,447,3,19,446
4000001830215845,476,17,19,465
4000030110600790,470,14,16,462
4000140110465842,441,0,19,439
4000140127049616,443,1,14,442
4000000210524455,445,2,19,444
4000001530059810,449,4,19,448
4000001840719880,466,13,19,465
4000000217598170,470,14,16,463
4000000222037101,460,9,19,459
4000001830174114,476,17,19,472
4000001840184474,476,17,19,465
4000001855127268,472,15,19,466
4000140110459077,451,6,15,445
4000000223861951,447,3,19,446
4000000216864431,476,17,19,472
4000000221637130,460,9,15,459
4000003929670669,441,0,15,436
4000140110389521,441,0,3,435
4000140112894390,445,2,3,444
4000140120132015,445,2,3,444
4000140129059468,460,9,18,459
4000000222289512,443,1,3,442
4000001855218627,451,6,19,442
4000140110132649,441,0,19,440
4000140127082166,443,1,3,442
3104920031001004414,470,14,19,462
4000000212093546,447,3,18,446
4000000215443970,447,3,19,446
4000000221758869,449,4,12,444
4000000221861192,466,13,17,465
4000140110295010,470,14,15,460
4000140112604911,441,0,19,439
3104920032000380995,466,13,19,465
4000000210379554,463,12,15,461
4000000220813360,472,15,19,469
4000003944808560,886,4,19,885
4000003907607479,914,18,19,905
4000030110358369,914,18,19,907
4000001830012622,887,5,19,885
4000003907578780,884,3,19,880
4000003944817113,886,4,19,885
4000140112056635,880,1,19,871
4000001840191521,887,5,19,884
4000003907565573,884,3,19,883
4000000220187336,914,18,19,911
4000003935634453,889,6,19,888
4000200112003750,881,1,19,880
3104920032000374766,885,4,19,876
4000000214972424,885,4,19,874
4000000221891944,914,18,19,902
4000001830350704,907,14,19,894
4000000210662739,576,0,19,573
4000000221672455,586,0,13,584
4000000312108992,613,3,18,612
4000140112035618,583,0,8,573
4000003909054743,611,2,17,610
4000003926180183,619,6,18,615
4000140120244173,576,0,19,575
4000200112002144,605,0,18,604
3104920031001752277,402,15,19,399
4000000224176897,396,13,15,392
4000140110431898,376,1,3,369
4000140112715032,376,1,3,370
4000140112927778,383,7,16,382
4000140120146667,379,3,19,378
4000000100100317,358,0,15,358
4000000213247182,394,11,19,393
4000000224248974,380,4,19,375
4000140129026927,375,0,19,369
4000000210957422,394,11,19,393
4000000220338195,378,2,19,377
4000000216581241,379,3,19,372
4000000220529873,393,10,19,390
4000001855148600,783,0,19,779
4000001520340134,812,15,19,809
4000000221805527,783,0,19,781
4000001840588530,790,3,19,789
4000003901657242,811,14,19,810
4000000217138227,812,15,19,808
4000001512186299,817,18,19,815
4000000215449259,783,0,19,781
4000001850169120,1013,13,14,1007
4000140112718794,1029,18,19,1023
4000001840386037,1021,15,19,1020
4000001840689194,1000,6,19,995
4000000211745508,1029,18,19,1028
4000140110314161,932,8,16,931
4000140127082166,918,1,3,917
4000001510056715,919,2,19,918
4000000002040197,948,17,19,944
4000140112910138,918,1,3,917
4000001855245642,936,11,14,933
4000140110528413,916,0,15,910
4000000214944336,921,3,19,914
4000000223772891,938,13,19,933
4000030110023135,922,4,19,913
4000000214791298,487,2,12,486
4000003908176499,489,3,5,486
4000140127091418,493,5,15,492
4000001830185991,521,17,19,520
4000001855061933,514,14,15,513
4000140110234584,501,8,19,500
4000140112711289,518,16,18,517
4000000221830679,487,2,3,486
4000000221841964,495,7,19,491
4000000214712591,491,4,9,486
4000000221931470,503,9,15,498
4000001830087136,489,3,6,487
4000001840939715,494,6,19,492
4000140112972806,489,3,19,487
4000000217009074,492,5,19,490
4000000221299626,493,5,11,492
4000000227004051,487,2,3,486
4000000007562366,518,16,19,517
4000000215130974,491,4,12,488
4000000221759017,487,2,19,486
4000000224096570,525,18,19,523
4000001840609019,489,3,19,484
4000003912268031,525,18,19,523
3104920031002639127,493,5,19,492
4000003925588193,493,5,19,492
4000000214232494,521,17,19,520
4000000216215635,507,12,18,506
4000001840311033,525,18,19,521
4000000214082403,494,6,11,492
4000001855302930,521,17,19,520
3104920031002425006,491,4,19,489
4000000212377849,1148,2,13,1147
4000200110012915,1148,2,9,1147
4000001830205111,1148,3,5,1144
4000001512069960,1147,2,11,1144
4000000211510269,1148,3,13,1147
4000000214793799,440,14,19,438
4000000214651348,412,0,19,411
4000000220600502,412,0,16,411
4000000221643147,450,18,19,447
4000003944912301,442,15,19,438
4000000001197345,443,16,19,442
4000000312207813,430,9,19,429
3104920031002839487,440,14,19,435
4000000215364059,431,9,15,430
4000000221785166,442,15,19,440
4000001512526041,450,18,19,446
4000001520429722,450,18,19,447
4000001850207635,421,6,19,418
4000003932412837,414,0,16,410
4000150210088441,420,0,6,418
4000000215588005,436,13,19,435
4000140112547961,430,9,19,427
4000001840730501,451,18,19,450
4000140112704859,443,16,18,442
4000000222154003,420,0,19,417
4000000227030291,431,9,19,430
4000001830001364,445,17,19,439
4000001850182167,446,17,19,445
4000000214082281,440,14,15,435
4000000221103333,440,14,15,439
4000001512206227,434,12,15,431
4000000221728219,915,6,19,914
4000001840776974,907,0,3,898
4000003910181320,916,7,19,914
4000000310546300,928,13,19,924
4000140110309812,907,0,1,905
4000003901046509,937,17,19,936
4000001840989679,929,13,15,928
4000001850243306,914,5,19,913
4000003900940750,914,5,19,913
4000003904849296,926,10,15,925
4000140120069548,907,0,15,901
4000000215626683,915,6,19,914
4000001840985623,448,0,13,442
4000140110636076,486,18,19,485
4000000213879345,448,0,15,442
4000000215630806,471,12,15,470
4000000222124920,471,12,19,470
4000001512496121,448,0,19,447
4000001855058569,451,2,15,450
4000030110800253,448,0,19,445
4000030110398429,480,16,19,479
4000150210063301,476,14,19,474
3104920031002529013,456,5,18,455
3104920031320095705,467,9,15,465
4000000215281449,457,6,19,455
4000000216896252,478,15,19,475
4000001840411552,478,15,19,477
4000001860012702,456,5,7,455
4000003911942829,456,5,19,455
4000140122025006,453,3,15,452
4000000223948244,468,10,19,466
4000000227005246,453,3,19,452
4000000229019423,469,11,15,468
4000140110534861,453,3,16,452
4000000220710369,448,0,19,444
4000000224248759,470,11,19,469
4000001840665705,448,0,17,445
4000140127096291,453,3,15,452
4000000215711709,453,3,6,452
4000001840393965,457,6,19,453
4000001840511219,456,5,19,455
4000003902514945,457,6,19,456
4000003920382962,456,5,19,455
4000030111031031,448,0,8,442
4000000213759149,453,3,19,452
4000000213798516,453,3,19,452
4000000224217933,457,6,12,453
4000000229003550,448,0,15,443
4000000310243654,772,1,19,767
4000140110197873,776,3,19,772
4000000222489219,777,4,19,771
4000001850115866,779,5,19,772
4000003929373417,781,6,16,780
4000030110953798,808,18,19,799
3104920031002871803,771,0,19,769
4000140112881972,804,17,19,802
4000000214095911,780,6,7,772
4000001512352044,804,17,19,797
4000000221897403,774,2,19,766
4000030111055903,804,17,19,792
4000000312333360,772,1,19,769
4000030127044440,804,17,19,802
4000140120265404,772,1,15,770
4000000001520622,804,17,19,792
4000140120309845,919,17,19,917
4000003921170351,922,18,19,921
4000003934932972,907,11,14,904
4000140110022875,889,2,17,884
4000000214032290,888,1,3,886
4000000222384750,919,17,19,913
4000140110686502,909,13,15,908
4000001840127417,889,2,14,887
4000001840936954,1138,8,15,1130
4000003904745919,1151,15,19,1146
4000003916921215,1130,6,19,1129
4000000004933482,1121,0,19,1113
4000001840253542,1149,14,19,1142
4000140122044511,1125,0,19,1121
4000003909666959,1125,0,19,1114
4000003914790179,1127,0,19,1124
4000140120106499,1152,16,19,1140
4000000216991088,1144,13,15,1141
4000003934644347,1124,0,19,1122
4000000216776956,1158,18,19,1152
4000003929903204,1129,6,15,1126
4000000215533492,489,6,16,484
4000001840919907,485,3,19,484
4000140112081795,485,3,5,484
4000000214009800,482,2,7,477
4000000216871250,485,3,15,484
4000000216978377,489,6,19,485
4000000222473903,489,6,15,488
4000000224142165,512,16,19,511
4000001840823154,504,13,17,503
4000001840874911,489,6,18,483
4000140120264501,501,11,15,498
4000000000630492,484,3,19,475
4000001840787923,488,5,19,487
4000003921403268,489,6,9,483
4000140110478040,484,3,19,476
4000140120247974,504,13,15,503
4000140110517245,482,2,8,472
4000000215046751,485,3,15,484
4000000215332050,485,3,11,484
4000000220001961,514,17,19,509
4000000223214921,479,0,19,475
4000000224115062,481,0,19,477
4000001512532120,479,0,15,477
4000003932628122,514,17,19,506
4000030110562380,483,2,19,482
4000140110630395,481,0,3,469
4000140112705153,497,8,15,490
4000140127009402,514,17,19,509
4000140129075341,481,0,19,479
3104920031001531523,485,3,19,484
3104920031002186442,515,17,19,512
3104920031001640498,514,17,19,506
4000000210237263,490,7,19,487
4000000210829583,482,2,14,481
4000001855084038,520,18,19,519
4000003909318071,520,18,19,519
4000003915031003,480,0,14,473
4000140110462724,481,0,15,469
4000000223000726,481,0,15,476
4000030110710874,481,0,19,475
4000140110316749,484,3,17,474
4000140129097440,481,0,3,480
4000000310962960,489,6,19,484
4000001512396262,485,3,13,484
4000140112732583,482,2,18,478
4000003933146377,596,4,19,592
4000000221873261,629,18,19,622
4000140110255563,624,17,19,622
4000000212506096,589,0,3,586
4000000215352894,620,15,19,618
4000001840815027,618,14,19,612
4000003936895517,589,0,15,587
3104920031001424307,624,17,19,622
4000140112081834,600,6,19,599
4000140120214178,618,14,17,615
4000000810091777,611,11,15,606
4000140110224874,618,14,17,613
4000140112551104,598,5,19,597
4000140129098401,599,5,19,598
4000003907631301,622,16,19,621
4000001512469888,734,8,15,719
4000003910301769,750,17,19,738
4000140120169129,740,13,19,738
4000150227002026,740,13,19,728
4000000213643980,720,2,17,706
4000001520035731,708,0,19,701
4000003921878049,750,17,19,734
4000030110861022,724,5,15,710
4000000217159028,725,6,19,714
4000003934258953,750,17,19,739
4000140110174106,754,18,19,753
4000000217604107,740,13,15,737
4000001840614651,721,3,19,716
4000140110629965,750,17,19,747
4000140120012581,708,0,15,700
4000000216938120,721,3,6,719
4000001512488171,725,6,19,718
3104920031001820520,724,5,15,715
4000000214546512,721,3,19,706
4000000227015129,745,14,18,741
4000001840947507,738,11,19,724
4000003916723396,750,17,19,733
4000003929884300,751,17,19,750
4000003927313233,1201,13,15,1192
4000140112021619,1177,1,5,1169
4000000221713779,1185,6,19,1184
4000140120013144,1198,11,18,1186
4000140120337102,1180,3,6,1178
4000000215199470,1200,12,19,1199
4000000216149872,1180,3,19,1173
4000150210053115,1217,18,19,1206
4000000212065412,1187,7,16,1186
4000000222242397,1198,11,17,1191
4000000312176588,1183,5,19,1179
4000030129024667,1176,0,3,1167
4000000212186621,536,0,19,531
4000140110055866,539,2,19,533
4000140110332825,539,2,3,531
4000140112709556,542,3,6,541
4000140120222925,538,1,18,537
3104920033000318720,542,3,5,541
4000000223297357,568,17,19,566
4000000310523090,535,0,19,527
4000000221665550,541,3,14,534
4000000223949261,546,6,19,541
4000001840475023,535,0,19,534
4000140112849187,542,3,19,541
3104920032000196011,538,1,4,537
4000003933589324,541,3,19,534
4000140112435694,542,3,7,541
4000000212833414,566,16,19,565
4000000215162659,541,3,19,533
4000140110238597,536,0,3,533
4000000213224955,546,6,19,539
4000000220583251,542,3,15,541
4000140110492314,542,3,15,541
4000000312395405,542,3,7,541
4000000312427669,572,18,19,571
4000000212381999,539,2,7,531
4000000223324935,559,13,15,557
4000000221885971,1174,5,19,1164
4000000214176332,1172,3,19,1171
4000000214388754,1185,10,19,1173
4000000223938712,1188,13,16,1186
4000003908771553,1195,16,19,1194
4000000310665442,1192,14,19,1187
4000001840624227,1171,3,15,1167
4000003911719247,1171,3,7,1164
4000000212866993,1185,10,19,1178
4000140127030021,1171,3,8,1162
4000000211063055,1171,3,7,1169
4000000222671108,1168,1,17,1158
4000003915050417,1167,0,19,1166
4000001520407188,1173,4,16,1170
4000001830174308,1185,10,19,1182
4000140110583987,1184,9,17,1183
4000001520348612,1174,5,17,1166
4000140110200654,1192,14,15,1186
4000000213904980,1195,16,19,1183
4000001840618981,1175,6,15,1171
4000003906058310,1188,13,18,1182
4000140110254650,978,3,15,975
4000003929336399,984,7,19,983
4000003929620193,984,7,19,983
4000140110064236,974,0,14,973
4000030129025338,1004,16,18,1003
4000140110584441,977,2,3,976
4000140112633832,981,5,15,975
4000001855128879,978,3,19,971
4000003928113407,978,3,19,975
4000140112076771,978,3,19,973
3104920031000576198,992,9,16,989
4000000221565886,984,7,19,983
4000001510047205,977,2,3,976
4000003920888631,1219,0,15,1218
4000000223252815,1229,7,19,1228
4000003944958664,1230,7,19,1229
4000000217582801,1227,6,14,1221
4000001840467578,1235,8,16,1224
3105170070156008368,503,17,19,495
4000001830303635,479,6,12,471
4000003908279548,509,18,19,508
4000003908860417,474,3,19,473
4000003909657593,478,5,19,477
4000140110456623,474,3,19,473
4000140127023238,474,3,5,473
4000000214956358,473,3,19,470
4000000224238408,476,4,19,467
4000001830198351,509,18,19,508
4000001840569737,480,7,15,478
4000000215471105,479,6,19,478
4000000215533193,503,17,19,495
4000000312146087,478,5,19,477
4000000221905586,492,12,19,489
4000001840286166,508,18,19,506
4000001840541822,476,4,19,466
4000003920065371,474,3,19,473
4000030110821781,473,3,19,472
4000000006670454,474,3,19,473
4000000211710415,508,18,19,503
4000000222970205,473,3,15,467
4000140110312137,479,6,19,470
4000140110545362,479,6,16,478
4000140112077941,474,3,14,473
4000000000133859,470,1,3,468
4000000223534729,503,17,19,496
4000003915988585,470,1,10,462
4000001830370700,468,0,15,459
4000140110438475,470,1,3,466
4000140112625850,468,0,15,462
4000000005885191,480,7,19,478
4000000212660323,478,5,19,477
4000001840248374,478,5,12,477
4000140112721688,468,0,6,459
4000000217626472,468,0,15,460
4000001512601009,479,6,19,476
4000001855042856,491,11,19,490
4000003900234694,480,7,19,472
4000140112717948,471,2,3,462
4000000221155583,474,3,19,473
4000000311015650,476,4,17,468
4000000221608540,1249,0,19,1236
4000001520423198,1269,13,15,1268
4000003918531075,1246,0,19,1245
4000000007371628,1247,0,19,1244
4000001830095059,1276,15,19,1272
4000000221842488,1246,0,3,1240
4000003932172920,1265,10,17,1259
4000003912253077,1247,0,19,1240
4000000214070350,1043,16,19,1037
4000000220349376,1014,2,7,1013
4000000224161650,1014,2,19,1008
4000000210339070,1014,2,17,1008
4000000211397769,1035,13,19,1034
4000000224262876,1030,9,15,1024
4000001512211074,1045,17,19,1044
4000003930588153,1014,2,19,1009
4000150210051438,1031,10,17,1028
4000001840416963,1014,2,15,1013
4000030127017637,1044,17,19,1041
4000000211792635,1020,6,15,1014
4000000211388437,407,0,19,402
4000001840839592,436,15,19,433
4000030120021928,407,0,19,404
4000200110035788,415,5,19,414
4000000210370130,437,16,19,431
4000003938888922,412,3,19,406
4000140120202883,415,5,15,414
4000000214034110,445,18,19,442
4000000216089676,430,13,15,429
4000000222265242,425,9,19,421
4000140110488375,409,1,3,408
4000000217288368,440,17,19,439
4000000221905975,407,0,19,400
4000000223949210,430,13,15,429
4000000223017864,412,3,19,406
3104920031000713890,407,0,17,405
4000000222359610,440,17,19,439
4000001840752795,445,18,19,442
4000003906600659,440,17,19,439
4000140110548439,416,6,19,410
3104870494155404449,415,5,19,414
4000000212377854,407,0,19,403
4000000213831849,409,1,3,408
4000003934336060,409,1,19,408
4000001840966055,440,17,19,439
4000030110986759,407,0,19,406
3104920031000678978,412,3,19,407
4000000213633574,409,1,17,408
4000000211085399,798,9,14,791
4000003930951755,786,4,19,779
4000003932180828,802,13,19,795
4000000213903597,788,5,19,779
4000000215273045,802,13,19,795
4000140129026676,815,18,19,808
4000003921543680,787,4,19,786
4000030111101444,815,18,19,813
4000000221179620,812,17,19,811
4000003944932892,787,4,19,786
4000150210093200,785,3,19,783
4000000214758395,785,3,7,782
4000000221402926,430,15,19,428
4000140110020701,401,1,19,400
4000140110305220,401,1,19,400
4000000216272173,420,9,15,419
4000000217178020,406,3,19,400
4000003900674485,399,0,19,393
4000140110280671,404,2,15,403
4000140210043680,423,12,14,416
3104920031320093239,412,7,15,411
4000001840794139,432,16,19,431
4000140112988078,406,3,14,397
4000000210308690,433,17,19,429
4000000222262522,403,2,19,402
4000000222842001,399,0,17,397
4000001840981804,430,15,19,421
4000000213199174,408,4,15,407
4000000214171189,406,3,17,405
4000000221729619,402,2,10,399
4000000224228348,403,2,14,402
3104920031002878121,429,14,16,428
4000000214216990,403,2,11,402
4000000221598620,409,5,16,402
4000000221622957,430,15,19,427
4000000310227205,402,2,12,400
4000001840408294,423,12,19,418
4000140110432094,406,3,18,401
4000000215641980,410,6,15,400
4000003928026918,400,0,15,394
4000030110893137,399,0,19,394
4000140120045261,437,18,19,436
4000150110009282,399,0,19,395
4000001840621209,580,4,19,576
4000200112063520,592,10,17,588
4000003929117977,581,5,19,580
4000140112852982,600,14,19,597
3104920033000314026,572,0,16,568
4000001840632761,591,9,17,585
4000140110667920,575,2,6,573
4000140112055814,578,3,11,574
4000140110285320,572,0,15,566
4000140129024571,572,0,16,571
4000000220729847,596,13,14,592
4000000311066967,574,1,3,568
4000003927744581,602,15,19,600
4000140127071233,572,0,17,569
4000000216388038,434,0,19,429
4000140129107644,465,17,19,464
4000000227036346,470,18,19,469
4000001512606630,470,18,19,469
4000003911842719,441,4,19,440
4000030111016737,464,17,19,463
4000140112271531,459,14,17,457
4000150210068457,439,3,15,438
3104920032000039724,434,0,8,431
4000000217106820,439,3,17,432
4000000222755478,443,7,19,440
4000001830309871,453,11,19,452
4000001850159886,455,13,19,453
4000140110563652,459,14,17,458
4000000211125992,461,15,19,458
4000000221659953,453,11,15,451
4000001840871128,439,3,19,433
4000003911833064,435,1,14,432
4000140110438777,437,2,3,432
4000140127065678,436,1,19,435
4000140210034050,440,4,19,437
3105170070108871306,465,17,19,464
4000000215167996,437,2,3,436
4000000220769164,465,17,19,464
4000001855045526,434,0,19,429
4000000221821248,439,3,15,433
4000001840292927,434,0,19,432
4000003908179081,439,3,19,434
4000000223377929,586,2,19,585
4000140210059081,584,1,3,577
4000003919971775,582,0,19,577
4000140112185177,585,2,19,580
4000140112896378,588,3,6,587
4000000212682797,620,18,19,610
4000003927712203,604,11,15,603
4000140112037103,588,3,5,587
4000140120215921,586,2,19,585
4000003925146053,582,0,19,579
4000003932009161,604,11,17,603
4000140110517244,610,14,16,602
4000140110686368,584,1,18,581
4000140112761640,584,1,7,577
4000140127012475,593,7,19,587
4000000221890757,593,7,17,589
4000003905554767,603,10,19,602
4000003943309629,583,0,19,575
4000140210059896,584,1,3,581
50000010011000823673,598,7,19,596
4000001522008755,582,0,19,581
4000140112896106,585,2,7,583
4000003908251977,603,10,19,602
4000003900954103,1107,17,19,1106
4000003905160990,1093,10,19,1092
4000000007443710,1078,3,9,1077
4000000221271258,1076,2,16,1071
4000001855298022,1091,9,18,1088
4000140110519555,1081,5,17,1080
4000000312146638,1079,4,15,1072
4000000215653270,1093,10,19,1092
4000140112083594,1091,9,15,1088
4000140120202578,1073,0,14,1069
4000000221861168,1095,12,15,1091
4000003905776240,1082,6,15,1080
4000000215228736,1093,10,19,1092
4000001855076583,1079,4,16,1076
4000000221676564,1093,10,19,1092
4000000217485401,1070,9,16,1069
4000003905361444,1057,3,14,1050
4000001522011593,1069,9,19,1068
4000003935887855,1085,17,19,1084
4000000220951847,1055,2,16,1051
4000001830253705,1073,12,17,1070
4000003909489476,1078,14,19,1074
4000003918986863,1056,2,19,1055
4000000310710686,1057,3,19,1050
4000001830198970,1057,3,17,1052
4000003903519783,1055,2,9,1050
4000000211491841,1085,17,19,1083
4000000214960645,1060,5,15,1059
4000140127096893,1055,2,17,1047
4000003906232640,1081,16,19,1071
4000000215182594,1074,13,15,1063
4000030110768775,1085,17,19,1083
4000030111033692,1080,15,19,1073
4000001830275881,1074,13,15,1067
4000001855192173,1057,3,19,1055
4000140110471384,1074,13,17,1070
4000001512419908,1071,10,17,1069
4000003929247655,1070,9,19,1069
4000003939188219,1069,9,19,1060
4000003941711475,1056,2,19,1055
4000001850142982,1060,1,3,1059
4000000221616658,1065,5,19,1060
4000000221914551,1066,5,8,1065
4000001520378654,1058,0,17,1049
4000150210059892,1058,0,7,1043
4000001850189744,1079,13,15,1078
4000001840536423,1058,0,19,1049
4000140112940322,1063,3,19,1060
4000000212568773,392,5,19,386
4000000221896252,393,6,19,384
4000000223384644,405,11,18,403
4000001512318140,392,5,19,388
4000003900564477,404,10,19,400
4000000215650947,391,4,19,390
4000000222092141,408,13,15,407
4000140110661573,395,7,16,394
4000140210026542,385,1,19,377
4000140112016394,391,4,19,390
4000140127094374,392,5,17,388
4000000221652202,421,18,19,420
4000000210514971,389,3,19,381
4000000223466110,407,13,19,403
4000140110691821,385,1,3,378
4000140112433484,412,14,19,407
4000140112706303,385,1,3,380
4000140122025039,385,1,19,376
4000140129078418,385,1,3,379
4000000223869299,412,14,19,410
4000000310237634,393,6,19,383
4000030110334865,417,17,19,416
4000140110238501,385,1,3,380
4000140110643557,385,1,19,380
4000140112122147,385,1,19,379
3104920033000370531,412,14,19,401
4000000223244170,408,13,19,407
4000000224010559,408,13,15,407
4000001520410778,392,5,17,391
4000030127058928,403,9,19,397
4000140120030341,391,4,19,390
4000000215450179,389,3,19,387
4000000215537028,389,3,19,386
4000000223863163,769,15,18,755
4000000211387641,776,18,19,775
4000000212192049,738,0,19,729
4000000212621151,747,6,7,746
4000030111060400,772,17,19,763
4000140127001564,756,9,15,752
4000003924229547,772,17,19,758
4000140127001018,744,4,19,740
4000140112105738,766,14,19,754
4000140120337635,747,6,19,746
4000000217266590,744,4,6,735
4000140110492014,744,4,19,735
4000001830137139,742,3,19,732
4000001840820163,744,4,11,741
4000001855245642,744,4,11,738
4000003941797248,759,12,15,755
3104920031001358463,759,12,19,752
4000000214395424,746,5,13,745
4000000220843317,747,6,19,746
4000000229015729,772,17,19,759
4000000224117106,825,8,16,824
4000000217603052,680,3,15,679
4000003942885320,679,2,16,678
4000003923414160,680,3,15,679
4000140112868558,684,6,19,683
4000000217253452,678,2,19,673
4000001855202552,702,15,19,695
4000140120320869,703,16,17,698
4000003904201659,682,5,19,670
4000140110255481,680,3,6,679
4000140110126107,522,2,8,515
4000001855221916,525,3,15,524
50000010011000863793,528,6,19,526
4000000213272048,527,5,19,520
4000000216483614,520,1,19,515
4000000216947627,542,13,19,535
4000000214795153,524,3,6,522
4000001840145870,539,10,19,532
4000003914641755,551,17,19,550
4000003917794676,522,2,3,518
4000000007549442,551,17,19,550
4000000213314084,519,0,19,505
4000000222490419,538,9,19,537
4000001850118298,519,0,19,502
4000140120098048,542,13,15,535
4000000210308785,520,1,19,512
4000001840346440,524,3,19,522
4000140110079494,522,2,3,517
3104920032000374998,546,14,19,544
4000000213950492,546,14,19,544
4000140112296427,555,18,19,551
4000000212117949,522,2,17,514
4000000223305419,548,15,19,544
4000000227009664,520,1,19,517
4000140112003258,519,0,15,514
4000140112097466,520,1,2,519
4000140122029257,519,0,19,509
4000000210459764,359,0,19,359
4000140120070397,390,15,19,389
4000000220378195,359,0,19,359
4000000310565492,368,6,19,367
4000140210021821,359,0,19,359
4000150110015573,359,0,14,359
4000150210061136,370,7,19,371
4000140112015858,368,6,16,367
4000140120240468,388,14,19,387
4000140127091394,378,9,15,385
4000000100570845,347,0,19,351
4000000215638463,368,6,19,367
4000001855245403,359,0,14,359
4000003915277810,398,18,19,401
4000000223949170,368,6,19,367
4000140110311282,359,0,19,359
4000140110658910,359,0,19,359
4000140129075333,383,13,19,384
4000000217131105,366,5,17,374
4000001830260214,368,6,19,367
4000140110048582,364,3,19,363
4000001855187107,387,14,19,389
4000140127027649,366,5,14,367
4000000216354482,382,12,19,381
4000140112019062,359,0,19,359
4000140210081345,366,5,16,373
4000000212109752,359,0,17,359
4000000215352754,368,6,19,367
4000000214195285,360,1,14,362
4000000215557355,383,13,19,387
4000000217590680,368,6,7,367
4000000222279430,364,3,19,363
4000000210564199,364,3,6,363
4000000212743162,359,0,19,359
4000000216937690,362,2,17,366
4000000214481906,1039,12,19,1037
4000140110439710,1019,1,19,1018
3105170070155557455,1020,2,14,1019
4000003908217284,1017,0,17,1014
4000000214228765,1022,3,17,1018
4000003903216190,1046,14,19,1045
4000000224262873,1046,14,17,1045
4000001512003699,1022,3,18,1017
4000001840519393,1026,6,15,1020
4000003934575960,1041,13,19,1040
4000001855252645,741,0,6,739
4000001850074445,729,0,15,712
4000140110020638,781,1,4,773
4000140112509392,785,4,19,783
4000000212125694,727,0,18,726
4000140112835181,727,0,16,720
4000140120328877,792,7,17,791
4000140112841976,781,1,3,772
4000000310512434,781,1,3,779
4000140110658803,727,0,15,699
4000140210060013,751,0,2,748
4000000223855983,784,3,6,776
4000140110299737,791,7,19,790
4000140112020120,517,3,7,506
4000140120223129,520,5,16,518
4000001855032552,531,9,19,530
4000140112550353,517,3,6,509
4000000217246318,545,17,19,544
4000140110659863,532,10,19,528
4000140112552647,517,3,6,510
4000000215434850,517,3,6,512
4000000216441522,519,4,19,518
4000000217251465,532,10,19,522
4000140120032559,532,10,19,529
4000140129098792,535,13,14,528
4000000312341949,532,10,19,528
4000003908114172,541,15,19,533
4000140112021576,517,3,16,505
4000140112072233,517,3,7,512
4000030110602423,531,9,14,530
4000000310063297,514,2,15,513
4000000210225116,517,3,19,508
4000000210792062,531,9,14,530
4000000213269708,531,9,14,530
4000000312006656,1109,14,19,1105
4000003910350647,1091,6,19,1086
4000000211139125,1111,15,19,1105
4000000214764525,1091,6,15,1089
4000200112061534,1091,6,19,1085
4000000212881973,1091,6,19,1087
4000000214055153,1087,3,19,1085
4000001520149703,1091,6,19,1084
4000000210384884,1091,6,19,1087
4000000220813250,1091,6,19,1086
4000000224188802,1103,11,19,1102
4000001830312848,1089,4,19,1079
4000000312115582,1099,8,15,1096
4000001830183110,1087,3,17,1079
4000140129065987,1105,13,16,1101
4000000223866252,1085,2,19,1083
4000003944887043,1085,2,19,1084
4000140112108473,1105,13,17,1098
4000000221909330,1063,14,15,1059
4000001840917210,1034,0,14,1033
4000001850096444,1039,3,17,1038
4000140110312024,1074,18,19,1069
4000003934132618,1063,14,19,1057
4000030110807765,1055,11,19,1050
4000140210060006,1065,15,16,1059
4000000213914904,1056,12,19,1052
4000000221917310,1039,3,7,1037
4000000217584508,1052,9,19,1051
4000000211522777,1042,5,16,1041
4000000223729202,1070,17,18,1069
4000140112789979,1037,2,16,1035
4000000212858586,1056,12,15,1050
4000000221449255,1056,12,15,1051
4000003928995881,1042,0,19,1037
4000000221773740,1047,3,7,1040
4000001830104874,1050,6,14,1044
4000001840344459,1059,9,19,1056
4000030110946740,1064,13,19,1063
4000140110155099,1044,1,3,1043
4000140112947442,1064,13,14,1063
4000140127017116,1062,11,15,1061
4000000212334423,1047,3,19,1042
4000001529002212,1044,1,3,1043
4000001830077513,1061,11,15,1057
4000001840911024,1076,18,19,1074
4000000221015543,1045,2,3,1040
4000030111036648,1059,9,17,1057
4000140112261148,1064,13,15,1063
4000140112988071,1044,1,19,1043
4000000001563492,1061,11,19,1059
4000000211164827,1068,14,19,1067
4000140110020638,1043,0,1,1040
4000000210179154,1058,8,11,1057
4000001520210567,1060,10,16,1059
4000003921613656,1045,2,19,1037
4000000221755685,1176,13,19,1171
4000140112797872,1160,3,5,1147
4000140110597483,1171,8,16,1163
4000140112770377,1160,3,7,1155
4000001855275396,1175,12,15,1168
4000140110445170,1157,1,3,1156
4000140110464258,1157,1,3,1156
4000140110658928,1158,2,5,1157
4000000310540495,1165,7,19,1164
4000000212913853,1191,18,19,1188
4000000223412497,1191,18,19,1186
4000030110954038,1186,17,19,1177
4000140129058392,1160,3,19,1147
4000140112511881,1157,1,3,1154
4000140112718072,1171,8,16,1164
4000003924900132,1117,2,16,1116
4000140112802824,1117,2,16,1116
4000003931979001,1117,2,15,1116
3104920031000523570,705,4,19,697
4000003900233924,729,16,19,728
4000003900819359,705,4,19,699
4000001855024238,708,6,19,701
4000140112076772,701,2,3,695
4000000213647016,721,13,19,720
4000140110536333,700,1,3,699
4000050110005824,734,18,19,733
4000140120013204,701,2,7,698
4000001840383695,734,18,19,733
4000003909997263,966,0,15,955
4000000223004134,968,1,6,956
4000140112432124,970,2,19,969
4000140112988041,975,6,15,970
4000000214155305,976,6,15,975
4000001512568238,986,10,19,979
4000140112410982,974,5,17,969
4000003908054735,1000,17,19,995
4000001850111130,996,15,18,989
4000003909549029,976,6,19,975
4000140129055814,968,1,14,950
4000003901736330,569,9,19,567
4000000221110024,587,17,19,586
4000001840540525,552,2,4,551
4000030111107239,559,6,19,557
4000140112521038,573,12,16,572
4000140110517245,567,8,15,566
4000000212773313,557,4,19,556
4000000312416399,555,3,19,554
4000003901586514,574,13,15,573
4000140127092325,555,3,6,554
4000150210088188,555,3,17,554
4000001830118332,557,4,19,556
4000140120176974,555,3,5,554
4000003926744369,557,4,19,556
4000140112824713,581,15,18,580
4000140120266030,555,3,5,554
4000140122028525,572,11,16,571
4000000210659902,559,6,19,557
4000000215184004,555,3,15,554
4000140110541914,555,3,6,554
4000001830354084,966,3,19,960
4000000005812338,988,15,19,984
4000140110688781,995,18,19,994
4000140127001734,966,3,11,958
4000000213975325,966,3,19,960
4000000214179976,966,3,19,959
4000000222174003,966,3,19,954
4000000222524822,987,14,19,986
4000000000177268,966,3,19,956
4000140110011451,981,11,15,980
4000000001806034,1175,16,19,1171
4000001512558740,1166,11,17,1164
4000001850074445,1174,15,18,1171
4000140129074617,509,0,19,507
4000140110249890,544,17,19,543
4000140110451051,514,2,3,513
4000140112703834,511,1,3,510
4000140127012633,510,0,3,499
4000140110253768,519,4,8,513
4000140112778521,517,3,14,513
4000001840818320,509,0,19,506
4000030110997935,535,13,16,531
4000000214505347,509,0,19,501
4000003939811787,516,3,6,514
4000000211855166,513,2,19,508
4000001850022882,509,0,19,506
4000003922673780,534,12,15,526
4000140110070559,512,1,3,511
4000140112546232,514,2,3,513
3104920033000304530,541,15,19,533
4000001840779500,544,17,19,543
4000003908798264,520,5,19,515
4000001512566898,517,3,6,513
4000003900318931,519,4,19,516
4000003926507625,544,17,19,543
4000140112621898,513,2,15,511
4000140112850299,509,0,3,508
4000000213109929,517,3,6,514
4000001840405364,511,1,18,505
4000000004514553,509,0,19,505
4000000220865628,512,1,17,511
4000000312324605,513,2,15,509
4000003931835156,544,17,19,543
4000140112249647,535,13,19,526
4000140112825322,512,1,3,511
4000000215176941,511,1,5,507
4000001522014721,1273,0,19,1264
4000003921079417,1278,0,19,1271
4000000210326177,1278,0,19,1271
4000001512603115,1277,0,19,1265
4000140110661600,1273,0,19,1265
4000000223478176,1276,0,17,1268
4000150210061288,1278,0,7,1273
4000000213304002,1276,0,15,1267
3104920031000576198,508,9,16,503
4000150210098707,500,7,14,497
4000140110584958,492,2,3,491
4000000220665976,488,0,19,481
4000001850133445,494,3,19,492
4000003934603814,490,1,19,489
4000000216258608,500,7,15,495
4000000223874449,528,18,19,527
4000001840004610,528,18,19,527
3104920031002547395,494,3,19,492
4000000224098247,494,3,6,493
4000003923036869,488,0,18,474
4000003930808820,512,12,19,511
4000000214758395,500,7,18,495
4000000310110338,500,7,15,496
4000003910254974,492,2,7,491
4000140112992830,490,1,3,489
4000140129055855,498,6,16,494
4000000213338357,490,1,11,489
4000001830318498,523,17,19,522
4000001850247460,490,1,19,489
4000003906783833,510,10,19,509
4000140120247859,494,3,6,492
3104920033000389309,600,1,3,596
4000001840154445,630,17,19,625
4000001855045983,604,3,17,598
4000200112003652,602,2,17,594
4000000222426564,602,2,19,598
4000000212734565,604,3,5,594
4000000212752506,604,3,17,602
4000001830059263,625,14,18,619
4000030111072001,630,17,19,625
4000000215469526,604,3,6,603
4000003944922603,606,4,19,605
4000140120172362,600,1,3,597
4000140110564015,620,12,19,617
3104920033000396502,602,2,17,596
4000000221409516,654,18,19,652
4000140110314161,634,8,16,633
4000000215373378,650,17,19,643
4000140112064766,621,3,6,616
4000000212987024,621,3,19,619
4000001840867325,626,6,15,621
4000140129007622,622,3,19,621
4000000221713868,637,11,16,629
4000001840818226,639,12,15,638
4000003910979335,637,11,15,636
4000000216425614,617,1,18,611
4000001830193676,636,10,19,632
4000003904022368,622,3,19,621
4000003909099599,616,0,19,615
4000140112175818,618,1,3,617
4000140112844767,618,1,19,617
4000140127081971,617,1,3,616
4000000216828887,621,3,6,619
4000000220707695,1105,3,19,1102
4000000210457743,1101,0,19,1100
4000001840469340,1128,14,19,1124
4000030111021354,1131,16,19,1130
4000003909099599,1101,0,19,1097
4000003944922282,1101,0,17,1096
4000000005860899,1138,18,19,1137
4000001520141103,1105,3,17,1100
4000003911103645,1133,17,19,1130
4000140112927999,1101,0,19,1099
4000000210022618,505,18,19,504
4000003932711100,467,0,15,461
4000000214257232,505,18,19,501
4000140112970045,681,0,15,678
4000140110459023,681,0,18,680
4000003904452002,670,0,18,656
4000000216903313,913,0,15,908
4000001520114994,941,16,19,938
4000003920898906,1235,0,19,1209
4000003918402773,1237,1,19,1236
3105170070154670484,1235,0,19,1223
4000000215708768,566,0,19,564
4000140127078314,573,3,18,572
4000003926857177,601,17,19,600
4000140110443069,565,0,17,558
4000140112007353,568,1,3,567
4000140112708917,573,3,6,572
4000000216285718,566,0,19,557
4000003911351574,574,4,13,572
4000140120119719,568,1,19,567
4000000223339043,594,14,19,593
4000140112885297,575,5,17,574
4000000214758476,606,18,19,604
4000001840214299,602,17,19,601
4000140112085274,566,0,16,558
4000140120232278,565,0,19,563
4000000220360149,606,18,19,605
4000140110631120,576,6,19,568
4000140112420346,565,0,19,562
4000140112522111,567,1,19,563
4000140129036362,572,3,17,567
4000140129053561,572,3,18,571
4000000221149388,601,17,19,597
4000000223252205,567,1,19,559
4000000214058840,590,13,15,589
4000030127001743,606,18,19,603
4000140110079494,569,1,2,567
4000140110251116,596,15,17,590
4000140110439329,566,0,15,559
4000140110506776,566,0,15,558
4000140110563834,568,1,3,567
4000140112064911,568,1,3,567
4000000221680104,566,0,3,565
4000140110468486,568,1,19,567
4000140129024504,565,0,15,563
4000030127001734,566,0,16,564
4000150210052712,567,1,3,564
4000000211916575,567,1,19,558
4000000211724593,1256,0,15,1254
4000003937367044,1255,0,3,1237
4000000221672455,768,13,15,766
4000000214031301,775,16,19,774
4000000221614331,751,3,18,742
4000000312053875,766,11,19,763
4000140120119687,748,1,19,743
4000001840772963,748,1,18,742
4000000220330974,751,3,19,747
4000003912401704,748,1,19,747
4000003934619449,747,0,19,741
4000140112097301,752,4,7,746
4000000223017241,1011,3,6,1010
4000140112872254,1027,13,14,1021
3104920031001380160,1025,11,19,1022
4000003921283993,1006,0,15,1001
3104920031001655058,1012,4,19,1007
3104920031002186442,1036,17,19,1034
4000003944944918,1007,1,19,1005
4000000211445138,1027,13,19,1021
4000001840938881,1021,8,15,1020
4000000000870257,1031,14,19,1025
4000000215076372,1014,6,16,1004
4000001840569861,1012,4,19,1010
4000001855221916,1007,1,19,1003
4000000312392531,1009,2,19,1008
4000003939625089,1006,0,15,996
4000003944945040,1009,2,19,1008
4000003920721967,1007,1,19,998
4000003941306707,1025,11,19,1023
4000030110994777,1009,2,19,1008
4000000212355599,1025,11,15,1020
4000000210537720,780,10,19,776
4000140110445170,762,1,3,761
4000003912280643,759,0,15,749
4000030110865516,796,18,19,794
4000140120172426,762,1,5,761
4000000223949736,764,2,17,755
4000140110312172,764,2,6,758
4000140127067553,764,2,19,758
4000000210623468,769,5,19,768
4000000221342596,793,17,19,792
4000001850192285,793,17,19,792
4000030129023456,793,17,19,792
4000000223893411,766,3,6,753
4000000217585946,783,12,15,771
4000001517625113,759,0,19,747
4000001840472378,796,18,19,787
4000003926929505,779,9,19,775
4000030110666061,762,1,19,761
4000140110454615,762,1,16,761
4000000214176303,766,3,19,762
4000001840073349,769,5,19,768
4000140112927999,759,0,19,750
4000140120232337,760,0,19,747
4000000220351406,537,4,19,535
4000140112440461,556,13,17,554
4000140120175068,533,3,11,527
3104920032000774304,533,3,11,531
4000030110994918,541,7,19,539
4000200110037717,531,2,19,530
4000200112005573,529,1,19,528
4000140110417567,533,3,14,526
4000140110692409,554,11,14,553
4000140120266309,529,1,3,528
4000000224156693,566,17,19,565
4000001520364819,529,1,3,528
4000003931056809,527,0,15,526
4000140110023052,529,1,19,528
4000001520153467,533,3,11,532
4000003909037145,569,18,19,565
4000003913384949,549,8,15,545
4000000221306656,569,18,19,561
4000001840223503,538,5,15,527
4000001850239455,531,2,19,530
4000140110063168,561,14,18,560
4000000005915105,527,0,15,520
4000000223296483,541,7,19,538
4000001840650867,533,3,14,526
4000140110254891,542,7,14,541
4000140112539615,553,11,15,542
4000200112030752,554,11,19,553
4000000217159329,566,17,19,565
4000140129036329,529,1,15,528
4000000217269928,564,16,19,563
4000001850204354,533,3,11,524
4000003901419704,529,1,6,528
4000140112020817,549,8,19,545
4000140120032572,535,3,19,533
4000140129035080,534,3,15,533
4000140112426079,534,3,7,533
4000200112075842,535,3,5,534
50000010011000753362,553,11,15,546
4000000214029130,556,13,19,544
4000000221127336,561,14,18,560
4000003902908615,569,18,19,556
4000140112079322,534,3,19,533
4000003942192915,1254,9,12,1253
4000000214434360,1241,0,15,1239
4000000217424477,1244,0,19,1237
4000000221874512,1254,9,19,1253
4000001510047494,680,0,19,677
4000140112285036,682,1,3,679
4000000211370519,680,0,19,678
4000003944921298,698,8,19,697
4000140112807287,682,1,19,680
4000000310803214,685,3,19,679
3104920033000163357,686,3,19,685
4000003903566706,680,0,19,678
4000003903570299,680,0,19,679
3104920031000868553,845,4,19,833
4000000222582541,840,0,19,814
4000001855084416,842,2,19,825
4000001855238162,846,5,19,835
4000003906561040,861,13,19,849
4000140112710812,841,0,19,825
4000001830153150,847,6,19,843
4000003925542041,867,15,19,862
4000003944864976,861,13,19,849
4000140129021182,840,0,19,812
4000000214394711,860,12,19,852
4000000220817243,842,2,19,823
4000003935560371,859,11,19,853
4000140110691961,857,9,15,843
4000001512556115,872,18,19,871
4000001840471317,869,17,19,857
4000140110635133,847,6,7,843
4000000214970528,930,2,19,929
4000001850086682,928,0,19,920
4000140112704859,953,14,16,949
4000140120337157,935,6,19,934
4000001512362084,931,2,19,930
4000003920231746,943,9,16,934
4000000214432997,928,0,19,919
4000001855200273,945,10,15,942
4000140112988107,929,1,16,918
4000000213757337,933,4,19,926
4000001512559292,958,17,19,948
4000001512154946,930,2,19,929
4000003913195700,958,17,19,955
4000030111066793,932,3,19,928
4000140112992928,929,1,3,921
4000000212773156,947,12,19,938
4000000221934085,955,15,19,948
4000000222294337,948,13,15,941
4000003913464844,1289,16,19,1288
4000003912607144,1290,16,19,1289
4000140112931731,1265,1,3,1264
4000030110860264,934,17,19,925
4000140122013195,906,3,10,901
4000000211327455,904,2,14,901
4000000221095376,934,17,19,927
4000140120128154,904,2,19,901
3104920033000307194,932,16,19,931
4000003944929261,934,17,19,928
4000003918393511,639,16,19,638
4000000214397300,609,0,3,606
4000000214687934,639,17,19,635
4000140110092772,609,0,3,606
4000000213312886,605,0,19,604
4000140110172846,609,0,3,607
4000000223948100,639,16,19,638
4000003909014490,629,12,19,628
4000000310741170,612,3,6,611
4000003942592447,605,0,15,600
4000000211050644,833,0,19,830
4000000214246559,857,17,19,856
4000003900224795,857,17,19,856
4000003901898186,827,0,6,812
4000140110581335,846,12,15,843
4000000215366048,843,9,18,838
4000000004666866,846,12,15,842
4000001830045067,1096,14,19,1093
4000140120102913,1067,2,19,1063
4000000213996361,1082,8,15,1076
4000003901729756,1107,18,19,1101
4000030120013123,1089,13,19,1083
4000000227000631,1071,4,19,1070
4000001522008087,1086,11,16,1077
4000000220838782,1089,13,16,1078
4000003902464951,1088,12,17,1087
4000001830316642,1087,11,19,1086
4000003904116378,1102,17,19,1099
4000003918071759,1087,11,15,1086
4000140110167265,1086,11,17,1079
4000000211405687,1086,11,16,1080
4000000217602944,1069,3,14,1063
4000003903725111,1099,16,19,1095
4000140110690818,1084,9,11,1083
3104920031001246924,1088,12,19,1087
4000000213500226,1071,4,19,1070
4000000222377147,1088,12,19,1087
4000000310053672,1089,13,15,1086
4000001512369622,1069,3,17,1066
4000001830093946,1086,11,15,1080
4000003942665869,1088,12,19,1087
4000001840662561,1073,6,15,1072
4000000222188733,1102,17,19,1094
4000001520387409,1102,17,19,1092
4000001830253660,1098,15,19,1094
4000001850119753,1096,14,19,1095
4000003942064176,1084,9,11,1083
4000000227012655,940,2,19,930
4000200110036931,940,2,16,931
4000000211014877,938,0,19,934
4000003919703368,955,10,19,949
4000000215050127,942,3,15,933
4000150210058441,945,5,19,944
4000000217592252,941,2,17,940
4000000211650242,940,2,16,930
4000140110665773,942,3,15,938
3104920031000180785,945,5,19,944
3104920031000890532,880,11,19,873
4000140112608776,883,13,15,875
4000000215590952,864,3,19,855
4000001840978085,895,18,19,892
4000003915003949,881,12,19,870
4000140110456150,883,13,17,876
4000140112797927,883,13,14,872
4000000213239466,864,3,19,858
4000000215432554,864,3,19,853
4000001520068184,864,3,19,863
4000001850110558,880,11,15,876
4000140110061003,861,1,3,860
4000140112892404,887,14,19,879
4000140112947442,883,13,14,880
4000000212685899,883,13,19,880
3104920032000593936,892,17,19,888
4000003920639749,864,3,19,860
4000003932884518,882,12,19,881
4000140112087393,861,1,3,860
4000000215616995,864,3,19,856
4000000217000214,864,3,19,861
4000000217563357,866,4,19,865
4000001512003699,860,1,3,850
4000000220596552,864,3,19,855
4000140112083014,861,1,3,860
4000140112606275,883,13,15,875
4000140129072821,864,3,19,855
4000150110005793,889,15,19,887
4000000223259402,878,9,15,866
4000000211455701,866,4,15,860
4000003912124593,1107,13,18,1106
4000140120288361,1107,13,19,1105
4000000216857178,1084,0,19,1079
4000000210497330,1105,12,15,1104
4000140110603185,1084,0,3,1078
4000140112797383,1084,0,19,1073
4000003932993639,1089,3,13,1087
4000003934607351,1087,0,18,1074
4000000214187901,1107,13,16,1105
4000140110686502,1105,12,13,1104
4000000221872718,1184,0,6,1180
4000140120175205,1187,2,17,1184
4000000213877630,1206,13,15,1205
4000003944697830,1189,3,6,1188
4000140129049228,1201,9,19,1198
4000000216165952,505,3,6,504
4000000001018140,498,0,17,496
4000001855052910,533,15,19,532
4000140112493112,531,14,19,529
4000140120057648,499,0,19,492
4000140120320315,525,13,15,516
4000140129026992,508,5,14,502
4000001512369840,500,1,19,499
4000140110673376,530,14,19,529
4000140112015808,500,1,3,493
4000140112096927,536,17,19,529
4000140112476209,499,0,19,494
4000140112521160,500,1,3,497
4000140120237204,520,9,16,516
4000140120267136,520,9,19,516
4000140129026836,508,5,16,502
3104920031001526291,526,13,17,525
4000003919373209,537,17,19,536
4000003920411826,511,7,19,509
4000140112551573,503,2,6,502
4000000222549537,502,2,15,501
4000140122044511,506,3,6,505
4000001855127190,537,17,19,536
4000003927299192,518,8,19,513
4000003939913934,499,0,19,497
4000150210067265,525,13,15,522
4000000220279838,506,3,19,505
4000001520321560,498,0,3,495
4000003921279164,530,14,19,529
4000140112547761,503,2,15,502
4000140112705064,503,2,6,502
4000140120266055,499,0,14,497
4000003902245387,525,13,16,522
4000003912334607,510,6,19,509
4000140120312385,505,3,17,501
4000001850248849,499,0,3,496
4000003901898186,500,1,6,494
4000003918263808,499,0,19,498
4000140110266908,530,14,19,529
4000140122022468,511,7,19,508
4000140129072997,530,14,19,529
4000000222668185,500,1,17,499
4000003902613296,586,17,19,585
4000001850172337,555,4,19,552
4000140110118648,546,0,19,542
4000140110686319,548,1,19,538
4000140112966000,548,1,2,544
4000000215617205,553,3,18,546
4000000227026961,572,12,15,571
4000003929373417,558,6,19,557
4000140110478009,548,1,3,539
4000140112459056,548,1,2,541
4000140112992764,558,6,16,557
4000140127055295,547,0,19,546
4000000007030142,546,0,19,540
4000000210378004,546,0,19,542
4000000227020308,551,2,4,550
4000140110014499,546,0,18,537
4000140112267181,573,13,15,564
4000140122028115,558,6,16,557
4000001830008432,578,14,19,567
4000003900346037,555,4,19,544
4000003920048936,548,1,19,538
4000003931997042,570,11,19,560
4000030110949277,589,18,19,574
4000140110197083,553,3,15,543
3104920031001576940,546,0,19,545
3104920033000378849,554,3,6,553
4000000214221695,553,3,19,545
4000000214563218,546,0,19,536
4000140120241924,553,3,6,542
4000200112002144,553,3,11,544
4000000211533299,546,0,19,541
4000000214050066,546,0,19,544
4000000223155257,569,10,19,567
4000000810105383,586,17,19,585
4000001855165924,555,4,15,554
4000140120241676,570,11,14,566
4000140120309590,548,1,2,544
3104920032000540333,553,3,19,549
4000000220831705,553,3,6,543
4000000221891925,555,4,19,549
4000001512603684,571,11,19,570
4000001512603684,567,9,11,562
4000003908539786,586,17,19,585
4000030111031551,586,17,19,585
4000140129106241,548,1,17,539
4000000213938667,550,2,19,543
4000030111055965,546,0,19,545
4000140110230359,546,0,19,541
4000140112165980,553,3,5,550
4000000221681459,641,0,18,639
4000003935421135,674,17,19,673
4000003936039710,647,3,19,643
4000000212198754,647,3,19,637
4000000212198754,644,2,3,640
4000140112140377,641,0,17,633
4000140112634912,663,11,16,662
4000001840529980,641,0,15,632
4000000216866984,661,9,15,654
4000003915057621,651,6,19,648
4000140112066683,643,1,3,642
4000140112603203,647,3,6,640
4000000217525468,642,1,19,632
4000000212504668,647,3,6,645
4000000220883552,672,15,19,664
4000003927526185,672,15,19,668
4000140110300808,661,9,15,659
4000140112732526,664,12,16,660
4000000211808977,643,1,19,642
4000001830239338,648,4,19,646
4000001840486613,672,15,19,670
4000140110661524,643,1,19,642
4000140110688924,641,0,16,634
4000140112025710,647,3,17,639
4000003911362784,895,0,19,887
4000140112748134,894,0,15,889
4000000212178148,899,3,15,897
4000000213207340,901,5,19,896
4000001855132492,925,17,19,924
4000030111053924,903,6,19,902
4000140110573661,894,0,3,890
4000000216232358,984,1,19,983
4000003901691985,1004,10,19,998
4000001840740427,988,3,17,978
4000140112701121,1003,9,18,1002
4000000221732279,1001,8,17,1000
4000001520034790,988,3,6,983
4000003905566073,990,4,19,989
4000140110658972,1004,10,13,1001
4000000224146917,1007,13,19,1005
4000003916013871,1024,18,19,1023
4000000213224598,984,1,19,983
4000000222623598,984,1,19,983
4000000227030042,989,4,19,983
4000000220330996,986,2,18,985
4000001850157724,1015,15,19,1014
4000003935512407,1202,2,19,1199
4000140110688151,1204,3,19,1199
4000140112700451,1207,5,14,1203
4000140122026054,1204,3,6,1197
4000140127037900,1223,13,15,1219
4000140110115289,1200,1,3,1197
4000140110584274,1229,15,19,1227
4000000215139332,1204,3,19,1202
4000003935508953,1202,2,19,1200
4000000216866987,1207,5,19,1205
4000000223917171,1221,11,19,1220
4000001840871465,1204,3,11,1199
4000000224238345,393,13,19,392
4000000221920302,389,10,19,381
4000140112977556,369,1,16,367
4000000217526672,397,14,19,394
4000001512460731,406,18,19,403
4000140112035763,379,7,14,372
4000140112920974,376,5,17,375
4000001855236311,377,6,16,376
4000140112841971,403,17,19,402
4000140120024133,369,1,16,362
4000140120119589,369,1,16,365
4000000224215194,377,6,19,367
4000140112698379,373,3,17,372
4000000214053041,403,17,19,402
4000000214374685,390,11,19,383
4000000215625970,379,7,8,373
4000000221643172,369,1,19,365
4000140127000152,376,5,17,375
4000000004666885,369,1,19,365
4000000213975301,376,5,17,375
4000001520204366,374,4,19,369
4000000006341578,369,1,19,365
4000000210450355,403,17,19,402
4000000211933265,389,10,19,387
4000000217123734,373,3,6,372
4000000221660043,389,10,19,382
4000000810030028,369,1,19,363
4000000212394586,366,0,15,364
4000000211939174,1149,9,19,1146
4000000215113133,1140,6,19,1138
4000000213105574,1138,5,13,1130
4000000216410462,1135,3,15,1131
4000003910824956,1132,1,3,1131
4000140127086083,1149,9,14,1144
3104920033000525209,1140,6,19,1137
4000001840717787,1133,2,16,1129
4000140112608932,1152,11,15,1142
4000000217266590,1135,3,4,1134
4000001850216419,1140,6,17,1133
4000140112849878,1166,18,19,1160
4000000007840122,1149,9,19,1143
4000000222869758,1140,6,19,1134
4000001840995553,1149,9,18,1143
4000140129113016,1135,3,19,1127
4000140110148179,631,0,19,628
4000000220350990,653,10,18,652
4000000310844533,633,1,11,632
4000003921267275,662,15,19,660
4000000210237332,653,10,19,652
4000000220939708,652,10,19,646
4000000223919034,633,1,3,632
4000140120236773,633,1,2,632
4000000211154789,653,10,19,652
4000001512416695,661,14,19,660
4000003932165838,636,3,6,630
4000030110834801,662,15,19,661
4000140112069381,641,7,15,635
3104920032000122579,639,5,7,638
4000003930645547,898,17,19,893
3104920033000419460,895,15,19,894
4000000212361432,886,9,15,880
4000000214403230,871,2,19,864
4000140110488416,875,4,6,874
4000140112844607,884,8,16,876
4000140129097008,1207,0,3,1206
4000003906400613,1207,0,19,1205
4000003908245015,1224,9,15,1219
4000001520447647,1209,1,3,1206
4000140110688517,1209,1,3,1204
4000150210060145,1234,15,19,1229
4000140120309226,1302,7,9,1298
4000000220620513,1302,7,19,1299
4000000212093546,1302,7,19,1300
4000140210048489,587,2,19,585
4000003907066345,607,13,15,606
4000003944189767,604,10,19,603
4000000211852376,666,3,19,663
4000140112079474,681,10,19,676
4000001855081775,664,2,19,661
4000140112236958,691,15,18,690
4000140110538203,682,11,15,672
4000003930498926,669,5,19,662
4000140110513736,666,3,18,655
4000150210060765,690,15,17,685
4000140110351653,666,3,18,663
4000140110388074,667,3,18,666
4000200110047383,679,9,18,674
4000000223179665,679,9,18,671
4000001840812758,1294,0,15,1269
4000140112589832,1291,0,3,1290
4000003904892553,669,9,19,668
4000000222276221,658,5,7,657
4000001840790388,655,3,19,653
3104770039606301508,688,18,19,684
4000000216797583,653,2,13,645
4000140127009433,655,3,6,649
4000000212348532,650,0,19,644
4000000216138174,658,5,7,657
4000003942887063,688,18,19,686
4000003932084697,683,17,19,674
4000000005207950,653,2,19,651
4000000216532806,651,1,19,649
4000000214024697,658,5,7,657
4000003920923218,683,17,19,676
4000000220921665,650,0,15,644
4000003904028659,655,3,19,651
4000003906555971,683,17,19,674
4000140129098484,658,5,7,657
4000000222754469,688,18,19,685
4000000310844533,747,11,17,746
4000001840859708,756,16,19,755
4000003904464633,732,3,19,730
4000000222611844,732,3,19,727
4000140127012761,731,2,19,730
4000000214103967,735,5,15,731
4000003903777837,747,11,15,741
4000000211230301,424,17,19,420
4000000217227304,420,15,19,419
4000140112084291,412,11,18,407
4000140112969119,400,6,19,399
4000000215003149,428,18,19,424
4000001840499406,424,17,19,419
4000001850132543,400,6,15,399
4000140110596657,391,0,15,390
4000000215504493,400,6,19,399
4000000217143249,391,0,19,389
4000001840709598,396,3,19,395
4000003908601425,424,17,19,419
4000003925790118,396,3,6,395
4000140110490873,412,11,18,408
4000140120267257,391,0,15,389
4000001522018314,401,7,17,394
4000000212151574,428,18,19,420
4000000217053612,400,6,15,399
4000001512484650,391,0,19,389
4000140112400991,410,9,14,409
4000150210025343,424,17,18,423
3104920031001010809,428,18,19,420
4000000100101712,366,0,15,363
4000200112036706,387,0,19,384
4000140127052395,387,0,18,386
4000140112442264,378,0,19,376
4000003903070328,397,5,19,393
4000000223874437,387,0,19,384
4000140112966085,378,0,5,377
4000000211511574,390,1,19,389
4000000212583478,377,0,5,376
4000000217131105,386,0,5,385
4000140120288361,390,1,19,389
4000000211562212,1124,0,18,1117
4000140110659863,1151,0,15,1145
4000000220405133,1124,0,18,1113
4000000223387766,1161,3,19,1160
4000000210303987,1124,0,16,1120
4000140110173870,1124,0,19,1121
4000000217487345,1124,0,15,1113
4000140112722540,1132,0,19,1130
4000000215486113,1124,0,19,1113
4000000312341949,1151,0,15,1140
4000000223929833,1124,0,19,1117
4000000210382734,1124,0,19,1113
4000000312214982,1124,0,19,1119
4000003904171660,1124,0,19,1114
4000140120032559,1151,0,15,1142
4000001840758218,1028,0,19,1025
4000001512555061,1036,6,19,1034
4000030111013984,1027,0,3,1024
4000001850076514,1032,3,17,1028
4000140112021576,1035,5,16,1030
4000140112047608,1029,1,3,1019
4000001022004985,1031,2,19,1030
4000001512531958,1034,4,19,1033
4000001840242592,1027,0,18,1017
4000000221876579,1034,4,19,1033
4000000213106707,1031,2,7,1030
4000001840212021,1057,15,19,1050
4000003914334758,1058,15,19,1057
4000030129021353,1035,5,19,1031
4000140120309226,1046,9,19,1044
4000000214498701,1057,15,19,1056
4000001830082171,1034,4,19,1033
4000000212660323,1035,5,19,1029
4000000224083281,1049,11,15,1048
4000003931880712,1058,15,19,1057
4000000211736477,1050,12,15,1049
4000000222878414,1037,6,14,1036
4000001840116266,1068,18,19,1058
4000140112546079,1062,17,18,1061
4000001840897652,1163,13,19,1154
4000003903468309,1170,15,19,1169
4000003935446708,1170,15,19,1169
4000001850210176,1167,14,19,1162
4000140120257164,1143,2,3,1142
4000000220014320,1143,2,19,1142
4000000223965179,1144,3,6,1137
4000003935237663,1163,13,15,1159
4000000211441432,1158,9,19,1157
4000000221108495,1160,11,15,1158
4000001512614197,1177,18,19,1169
4000003918440532,1163,13,15,1161
4000030111016859,1163,13,19,1156
4000000215590339,1143,2,19,1142
4000001520405790,1140,0,17,1130
4000003917602344,1140,0,15,1130
4000000210600966,1140,0,15,1135
4000003915096856,879,17,19,875
4000000212028895,853,3,19,848
4000003907010921,853,3,19,846
4000140110631179,853,3,19,849
4000140120337311,875,14,17,874
4000140120320510,850,1,3,847
4000001855272211,853,3,19,846
3104920031001425270,866,9,19,861
4000000214081884,849,0,19,836
4000001840391166,853,3,19,851
4000000211921343,851,2,5,846
4000003919457248,1116,3,19,1113
4000003942987935,1130,10,19,1122
4000003940594334,1133,13,15,1129
4000140112953652,1111,0,15,1110
4000000213886579,1116,3,13,1114
4000000215386261,1116,3,16,1106
4000000217313369,1142,17,19,1133
4000003900105640,1118,4,19,1117
4000003923462405,1139,15,16,1136
4000000211649565,1114,2,11,1108
4000003902936884,1139,15,19,1132
4000000214050244,1132,12,14,1131
4000003913513498,1116,3,19,1111
4000001830028430,1121,7,15,1115
4000000216581241,1111,0,3,1104
4000003932129860,1139,15,19,1135
4000000210223393,1131,11,15,1125
4000000215437943,1119,5,15,1114
4000000216250671,1116,3,19,1114
4000000221740811,1143,17,19,1142
4000003909521869,1139,15,16,1131
4000003915902154,1116,3,19,1115
4000000210370226,1143,17,19,1142
4000001520248513,570,7,16,569
4000140110196883,559,1,3,558
4000140112240628,563,3,19,557
4000140112852982,568,6,14,567
4000000217265361,567,5,19,566
4000000217276309,561,2,15,559
4000000227005349,590,15,19,589
4000140112077301,559,1,3,558
4000140112885426,556,0,15,553
4000000215132834,563,3,6,561
4000003910730795,568,6,19,565
4000000214240442,567,5,19,566
4000001520404616,600,18,19,592
4000030110325794,556,0,19,554
4000140127092562,561,2,3,552
4000000220253237,570,7,16,569
4000000224267497,567,5,19,566
4000001512467228,595,17,19,593
4000140112885746,561,2,17,557
4000000214013385,556,0,15,554
4000000216903109,559,1,19,558
4000001520427369,563,3,19,557
4000140110535095,583,13,14,582
4000140110634041,587,14,15,586
3105170070174721387,595,17,19,592
4000000211752229,561,2,19,557
4000003927335967,567,5,15,566
4000030110808950,595,17,19,593
4000030110986135,595,17,19,590
4000140112020228,559,1,2,558
4000140112299495,559,1,2,558
4000140112642734,563,3,14,559
4000140110590525,561,2,3,559
4000140112610891,563,3,14,555
4000140127009902,559,1,3,558
4000000215246971,559,1,19,558
4000001530063110,591,16,19,590
4000003924588294,559,1,3,558
4000140112828436,564,3,7,563
4000003906986519,700,17,19,699
4000140110474404,667,0,3,657
4000140110661519,664,0,19,655
4000140129077412,696,15,17,695
4000000217356948,664,0,15,662
4000140110013624,671,0,17,664
4000200112031684,669,0,14,662
4000140129036026,628,14,17,625
4000140110438714,608,3,11,606
4000000211666703,824,15,19,823
4000003904805112,797,1,4,796
4000000216903478,813,9,15,801
4000001850054647,827,17,19,815
4000030111031131,827,17,19,816
4000030127018933,798,2,19,797
4000000212735567,801,4,6,793
4000001830212925,795,0,19,786
4000140110083979,827,17,19,821
4000140110456265,811,8,16,807
4000140127094299,812,8,15,811
4000000211164827,798,2,14,795
4000000217625131,815,10,19,814
4000000310962960,804,6,19,803
4000001522007760,827,17,19,826
4000003924927913,798,2,19,794
4000140112716994,795,0,15,788
4000200112005846,797,1,18,796
4000000221803508,795,0,19,793
4000001840661428,813,9,19,804
4000000215184161,804,6,16,803
4000000221921780,827,17,19,823
4000000310161773,827,17,19,815
4000000221696950,804,6,19,803
4000000221910010,800,3,7,796
4000000310116944,802,5,19,794
4000003927635782,802,5,19,792
4000140112827359,726,3,15,725
4000003920630142,752,17,19,751
4000000007626556,752,17,19,751
3104920031002877537,752,17,19,750
4000140110641743,1024,2,4,1021
4000000217449369,1027,4,19,1024
4000150210060755,1024,2,17,1020
3104920031001985901,1197,3,15,1196
4000003900923234,1193,1,15,1192
4000140112245083,1193,1,3,1192
4000000215350404,1215,12,17,1205
4000003915298447,1232,18,19,1231
4000003926633816,1193,1,3,1192
4000030110677741,1193,1,19,1192
4000001840902914,1193,1,19,1192
4000003916191539,1232,18,19,1231
4000000210069532,1191,0,15,1184
4000000006507929,811,3,19,809
4000140112065572,807,0,3,796
4000140112066573,811,3,4,806
4000000221773705,823,8,15,811
4000000310743328,808,1,19,799
4000140110201591,807,0,1,806
4000000223881169,838,17,19,832
4000030110859335,838,17,19,832
4000000212865005,838,17,19,835
4000003920166606,815,6,19,812
4000140112705229,834,14,17,833
4000001520157538,834,14,19,833
4000003933952536,808,1,19,799
4000000220276315,834,14,19,833
4000001840088792,808,1,3,806
4000003903493343,807,0,19,801
4000000214007194,1015,9,15,1014
4000140112953582,999,2,17,993
4000140110304509,997,1,2,987
4000003939401001,999,2,19,996
4000140127036851,996,0,15,985
4000000217326007,1014,9,14,1013
4000001510014505,1035,18,19,1034
4000003942496087,1018,12,19,1017
4000003907667801,999,2,6,994
4000000210403255,426,4,19,422
4000000222264824,423,2,16,422
4000140110313929,422,2,17,416
4000140110613765,419,0,18,415
4000140110059502,421,1,3,414
4000140112622663,429,7,19,427
4000150110018076,436,8,16,432
4000000223252842,419,0,19,409
4000030110482317,448,15,19,446
4000140112055060,423,2,17,422
4000000216884334,440,11,15,439
4000000210979427,451,17,19,450
4000000214036699,440,11,15,439
4000001830225089,419,0,19,409
4000001840494493,423,2,19,422
4000200112048572,442,13,19,439
4000000222469319,422,2,17,419
4000000312060122,420,0,19,409
4000000223535284,451,17,19,450
4000000224217825,419,0,19,409
4000000310175654,428,6,19,422
4000001840384692,453,18,19,451
4000140112993795,442,13,17,439
4000140120169282,423,2,18,422
4000140127086083,438,9,19,437
4000000211389346,441,12,16,439
4000000213830350,449,16,19,447
4000001840967739,451,17,19,450
3104920031002424645,448,15,19,442
4000000105746296,413,0,19,411
4000000220382076,421,1,17,417
4000000222237687,428,6,19,423
4000001830246299,428,6,17,422
4000001855053544,428,6,19,421
4000140112279676,426,4,15,423
4000000312103010,451,17,19,450
4000140112015195,423,2,18,422
4000140112256721,423,2,19,422
4000140129051916,427,5,19,421
4000140120135163,626,1,19,617
4000140112447543,629,3,5,628
4000140120091882,629,3,19,627
4000000213304049,626,1,19,623
4000140112087670,629,3,10,621
4000000212737084,644,11,19,642
4000001840888148,646,13,19,645
4000000227031144,1097,2,18,1091
4000140210060013,1097,2,7,1094
4000000223800072,1126,15,19,1125
4000000213428732,1094,0,17,1078
4000000222406462,1103,5,15,1102
4000000224083450,1094,0,7,1078
4000003913061760,1104,6,15,1099
4000003941884816,1114,9,15,1110
4000140120013217,1096,1,19,1095
4000003928459211,1119,13,19,1118
4000003943780894,1114,9,15,1109
4000140120320267,1096,1,3,1095
4000000222406462,1095,1,5,1091
4000001830126953,1094,0,3,1077
4000003928074356,1097,2,16,1088
4000200112038402,1112,8,15,1103
4000001520231984,1094,0,17,1092
4000003932938050,1094,0,17,1088
4000000217546926,1119,13,19,1118
4000001527000859,1112,8,19,1109
4000140127030957,1135,18,19,1121
4000000213134454,1097,2,16,1090
4000001840796136,1101,4,17,1094
4000001830049529,1114,9,17,1112
4000003922143881,1119,13,19,1118
4000000211466946,1116,11,19,1112
4000003934547227,1103,5,15,1102
4000140110475230,1119,13,17,1118
4000140112182902,1097,2,19,1091
4000140112890499,1095,1,19,1094
3104920033000306089,458,0,19,456
4000140112530078,465,3,8,464
4000140112572440,477,8,16,472
4000000217490674,492,16,19,491
4000000223965225,462,2,19,455
4000000210113826,459,0,19,455
4000001840697336,469,6,19,465
4000140129098670,458,0,3,455
4000000212740669,495,17,19,493
4000001855250573,488,14,19,487
4000140110437344,477,8,16,474
4000140112171489,465,3,17,464
4000000210825179,500,18,19,494
4000001840004614,490,15,19,489
4000140112081873,459,0,19,453
4000000212444542,465,3,19,464
4000000212879732,495,17,19,492
4000001512315830,488,14,19,487
4000001520340813,460,1,19,451
4000140110688526,458,0,15,454
4000000210740514,468,5,19,467
4000000212153490,459,0,15,455
4000030110146692,466,4,19,463
4000000212337683,460,1,19,450
4000000215376497,500,18,19,498
4000000216825323,458,0,15,449
4000000223919070,490,15,19,489
4000030127019646,462,2,19,458
4000140129107703,460,1,19,456
4000000214743326,495,17,19,488
4000000217267589,460,1,19,454
4000000227015139,492,16,19,491
4000001530016082,458,0,19,452
4000001830355355,468,5,19,467
4000001840495171,495,17,19,487
4000001855249601,478,9,19,474
4000140210026240,905,7,19,904
4000140110438714,878,0,11,872
4000000227012655,910,12,19,908
4000140110445754,893,0,15,891
4000000222367300,911,13,19,909
4000000211036824,911,13,19,909
4000000221353085,427,0,19,422
4000000210416674,429,1,19,425
4000001517625073,460,16,19,459
4000001520055898,467,18,19,460
4000003912818254,427,0,19,424
4000030110863019,429,1,19,423
4000200110024629,431,2,19,429
4000000216233550,467,18,19,455
4000001512400735,433,3,19,432
4000001840195510,438,7,19,432
4000003911964925,467,18,19,466
4000003930856685,435,4,19,434
4000000216772399,428,0,19,422
4000140129107644,427,0,17,422
4000000100100287,402,0,15,401
4000000220036247,429,1,19,425
4000003938126483,436,5,19,435
4000003944821877,433,3,6,432
3104920031001443216,427,0,19,420
4000000213204461,462,17,19,451
4000000215602226,429,1,19,425
4000001840822931,427,0,19,421
4000140112901167,458,15,19,454
4000000001637030,428,0,19,427
4000000214363281,428,0,19,424
4000000215706827,462,17,19,456
4000001840866194,431,2,3,429
4000200112035309,433,3,5,432
4000003916966116,459,15,19,458
4000140129078549,428,0,19,427
4000000006577413,457,14,19,456
4000000310730982,467,18,19,462
4000001512250818,431,2,19,422
4000000211464785,427,0,19,423
4000000222519662,427,0,3,420
